{"cameraMode":{"drawMode":0,"name":"Shaded","section":"Shading Mode"},"sceneLighting":true,"audioPlay":false,"sceneViewState":{"m_AlwaysRefresh":false,"showFog":true,"showSkybox":true,"showFlares":true,"showImageEffects":true,"showParticleSystems":true,"showVisualEffectGraphs":true,"m_FxEnabled":true},"in2DMode":false,"pivot":{"x":567.528076171875,"y":625.7288208007813,"z":443.14312744140627},"rotation":{"x":0.1645604968070984,"y":0.009180803783237934,"z":-0.0015185653464868665,"w":0.9863823056221008},"size":714.951416015625,"orthographic":false}