{"cameraMode":{"drawMode":0,"name":"Shaded","section":"Shading Mode"},"sceneLighting":true,"audioPlay":false,"sceneViewState":{"m_AlwaysRefresh":false,"showFog":true,"showSkybox":true,"showFlares":true,"showImageEffects":true,"showParticleSystems":true,"showVisualEffectGraphs":true,"m_FxEnabled":true},"in2DMode":false,"pivot":{"x":0.07115480303764343,"y":3.3359084129333498,"z":3.723945379257202},"rotation":{"x":0.13787634670734406,"y":-0.001170728006400168,"z":0.00021959269361104816,"w":0.9904983043670654},"size":4.182178974151611,"orthographic":false}