{"cameraMode":{"drawMode":0,"name":"Shaded","section":"Shading Mode"},"sceneLighting":true,"audioPlay":false,"sceneViewState":{"m_AlwaysRefresh":false,"showFog":true,"showSkybox":true,"showFlares":true,"showImageEffects":true,"showParticleSystems":true,"showVisualEffectGraphs":true,"m_FxEnabled":true},"in2DMode":false,"pivot":{"x":-0.8160402774810791,"y":5.992684841156006,"z":-13.065189361572266},"rotation":{"x":-0.16306306421756745,"y":0.01390854176133871,"z":-0.0022966787219047548,"w":-0.9865195751190186},"size":0.43370321393013,"orthographic":false}