{"cameraMode":{"drawMode":0,"name":"Shaded","section":"Shading Mode"},"sceneLighting":true,"audioPlay":false,"sceneViewState":{"m_AlwaysRefresh":false,"showFog":true,"showSkybox":true,"showFlares":true,"showImageEffects":true,"showParticleSystems":true,"showVisualEffectGraphs":true,"m_FxEnabled":true},"in2DMode":false,"pivot":{"x":431.5328674316406,"y":821.0797119140625,"z":-20.243478775024415},"rotation":{"x":0.1527053862810135,"y":-0.013038523495197297,"z":0.002027782378718257,"w":0.9882426261901856},"size":1209.45751953125,"orthographic":false}