{"cameraMode":{"drawMode":0,"name":"Shaded","section":"Shading Mode"},"sceneLighting":true,"audioPlay":false,"sceneViewState":{"m_AlwaysRefresh":false,"showFog":true,"showSkybox":true,"showFlares":true,"showImageEffects":true,"showParticleSystems":true,"showVisualEffectGraphs":true,"m_FxEnabled":true},"in2DMode":false,"pivot":{"x":0.07341963797807694,"y":3.853445529937744,"z":0.5146808624267578},"rotation":{"x":0.09018763154745102,"y":0.01077245268970728,"z":-0.0009132169070653617,"w":0.995917797088623},"size":3.4227049350738527,"orthographic":false}