{"cameraMode":{"drawMode":0,"name":"Shaded","section":"Shading Mode"},"sceneLighting":true,"audioPlay":false,"sceneViewState":{"m_AlwaysRefresh":false,"showFog":true,"showSkybox":true,"showFlares":true,"showImageEffects":true,"showParticleSystems":true,"showVisualEffectGraphs":true,"m_FxEnabled":true},"in2DMode":false,"pivot":{"x":495.39288330078127,"y":1268.443603515625,"z":-98.90520477294922},"rotation":{"x":-0.006310105789452791,"y":0.006597383413463831,"z":-0.00003916590503649786,"w":-0.9999653100967407},"size":1081.112548828125,"orthographic":false}