{"cameraMode":{"drawMode":0,"name":"Shaded","section":"Shading Mode"},"sceneLighting":true,"audioPlay":false,"sceneViewState":{"m_AlwaysRefresh":false,"showFog":true,"showSkybox":true,"showFlares":true,"showImageEffects":true,"showParticleSystems":true,"showVisualEffectGraphs":true,"m_FxEnabled":true},"in2DMode":false,"pivot":{"x":224.83538818359376,"y":1334.95166015625,"z":-2337.576904296875},"rotation":{"x":-0.024306312203407289,"y":-0.008399778977036477,"z":0.00020574973314069211,"w":-0.999673068523407},"size":27.603961944580079,"orthographic":false}