{"cameraMode":{"drawMode":0,"name":"Shaded","section":"Shading Mode"},"sceneLighting":false,"audioPlay":false,"sceneViewState":{"m_AlwaysRefresh":false,"showFog":true,"showSkybox":false,"showFlares":true,"showImageEffects":true,"showParticleSystems":true,"showVisualEffectGraphs":true,"m_FxEnabled":true},"in2DMode":false,"pivot":{"x":-0.07999998331069946,"y":0.7627284526824951,"z":11.401000022888184},"rotation":{"x":-0.07669016718864441,"y":-0.03529259189963341,"z":0.002702747704461217,"w":-0.9964594841003418},"size":0.8660253882408142,"orthographic":false}